title,description
"Fix login bug","Identify and resolve the issue causing login errors in the web app."
"Write blog post","Draft a 500-word article on the benefits of remote work."
"Update database schema","Modify the schema to include new user preferences fields."
"Research competitors","Analyze the features of top 5 competitors."
"Set up CI/CD pipeline","Configure automated testing and deployment for the project."
"Design landing page","Create wireframes and mockups for the new landing page."
"Plan team meeting","Organize the agenda and set a time for the weekly sync."
"Refactor authentication code","Clean up and optimize the login module."
"Test new API endpoint","Write and execute test cases for the user profile API."
"Create project roadmap","Outline milestones and deliverables for the next quarter."
"Update user manual","Include new features in the user documentation."
"Conduct usability testing","Gather feedback from users on the app interface."
"Build chatbot prototype","Develop a basic chatbot for customer service inquiries."
"Optimize SQL queries","Improve database performance by rewriting slow queries."
"Prepare sales report","Summarize quarterly sales data for the management team."
"Review pull requests","Check and provide feedback on recent code submissions."
"Write unit tests","Add tests for the payment module to improve code coverage."
"Schedule training session","Arrange a workshop on cloud security for the team."
"Fix mobile layout issues","Resolve UI bugs on small-screen devices."
"Create marketing materials","Design brochures and banners for the upcoming event."
"Clean up unused code","Remove outdated and redundant functions in the project."
"Plan product launch","Coordinate the release activities for the new feature."
"Research AI tools","Explore and evaluate tools for machine learning projects."
"Write email templates","Draft templates for customer outreach and support."
"Update server configurations","Apply security patches and adjust server settings."
"Monitor system performance","Set up alerts and analyze performance metrics."
"Set up staging environment","Prepare a testing environment for pre-production builds."
"Conduct code review session","Discuss coding standards and recent updates with the team."
"Prepare project budget","Estimate costs and allocate resources for the next phase."
"Write technical specs","Document the requirements and architecture of the new module."
"Configure load balancer","Set up traffic distribution for high availability."
"Organize files","Rearrange and categorize project files for better accessibility."
"Create onboarding guide","Write a guide to help new employees get started."
"Analyze customer feedback","Identify trends and key concerns from recent feedback."
"Update test cases","Revise test scripts to align with the latest requirements."
"Document API endpoints","Generate clear and detailed documentation for developers."
"Test disaster recovery plan","Simulate scenarios to verify backup and recovery processes."
"Conduct market survey","Gather data on customer preferences and market trends."
"Build analytics dashboard","Create visualizations for user engagement metrics."
"Perform code optimization","Improve execution speed by refining algorithms."
"Set up monitoring tools","Install and configure tools to track system health."
"Schedule maintenance window","Plan downtime for system upgrades and repairs."
"Train machine learning model","Fine-tune the model with additional training data."
"Organize team-building activity","Plan a fun event to boost team morale."
"Test cross-browser compatibility","Ensure the web app works on all major browsers."
"Design a feedback form","Create an online form to collect user opinions."
"Prepare presentation","Create slides for the quarterly stakeholder meeting."
"Fix accessibility issues","Enhance the app for users with disabilities."
"Develop API integration","Connect the app with third-party services."
"Plan holiday schedule","Coordinate leave requests for the upcoming holidays."
"Optimize images","Compress and resize images to improve loading speed."
"Write feature proposal","Draft a document outlining the benefits of a new feature."
"Set up version control system","Initialize and configure Git for the project."
"Create wireframes","Design low-fidelity mockups for the app redesign."
"Improve search functionality","Enhance the search algorithm for better accuracy."
"Test email notifications","Verify the functionality of automated email alerts."
"Update CI/CD scripts","Adjust build and deployment scripts for the latest changes."
"Write blog post","Publish an article on the impact of AI in healthcare."
"Develop new user flow","Simplify the onboarding process for new users."
"Create video tutorial","Produce a guide on how to use the main features."
"Resolve memory leaks","Identify and fix memory management issues in the app."
"Build login page","Develop a responsive and secure login interface."
"Prepare risk assessment","Identify potential risks and mitigation strategies."
"Launch social media campaign","Promote the product across all social channels."
"Design mobile app layout","Sketch UI ideas for the new mobile application."
"Organize customer support tickets","Categorize and prioritize pending tickets."
"Review data privacy policies","Ensure compliance with GDPR and other regulations."
"Test API response time","Measure and optimize API performance under load."
"Plan hackathon","Set a theme and prepare resources for the event."
"Fix color contrast issues","Adjust UI elements for better visibility."
"Write release notes","Summarize key changes for the latest app update."
"Prepare deployment checklist","Create a list of steps for a smooth release."
"Design custom icons","Create unique icons for the mobile application."
"Write error handling tests","Ensure the system behaves predictably in edge cases."
"Build chat interface","Develop a user-friendly design for real-time messaging."
"Create a FAQ page","Compile common questions and answers for the website."
"Fix broken links","Identify and repair non-working links on the site."
"Optimize cache settings","Improve app performance by tuning cache policies."
"Perform security audit","Evaluate and address vulnerabilities in the system."
"Train interns","Guide new interns through basic tasks and projects."
"Prepare user survey","Design questions to collect user experience data."
"Automate data backups","Schedule regular backups to secure the database."
"Design subscription plan","Define pricing tiers and features for premium users."
"Conduct team brainstorming","Generate ideas for the next major release."
"Analyze server logs","Investigate errors and anomalies in the logs."
"Improve error messages","Make error notifications more user-friendly."
"Document troubleshooting steps","Create guides for resolving common technical issues."
"Plan API deprecation","Notify users and phase out outdated endpoints."
"Develop notifications system","Create a push notification mechanism for updates."
"Test network latency","Evaluate and reduce delays in data transmission."
"Write project retrospectives","Document lessons learned after project completion."
"Implement dark mode","Add a theme toggle option to the application."
"Plan stakeholder workshop","Facilitate discussions on future business goals."
"Design app icon","Create an attractive and recognizable icon for the app."
